home_team,target_date,season
KIA,2024-04-07,2024
KIA,2024-04-09,2024
KIA,2024-04-10,2024
KIA,2024-04-11,2024
KIA,2024-04-19,2024
KIA,2024-04-20,2024
KIA,2024-04-21,2024
KIA,2024-04-30,2024
KIA,2024-05-01,2024
KIA,2024-05-02,2024
KIA,2024-05-03,2024
KIA,2024-05-04,2024
KIA,2024-05-10,2024
KIA,2024-05-12,2024
KIA,2024-05-12,2024
KIA,2024-05-14,2024
KIA,2024-05-15,2024
KIA,2024-05-16,2024
KIA,2024-05-24,2024
KIA,2024-05-25,2024
KIA,2024-05-26,2024
KIA,2024-05-31,2024
KIA,2024-06-01,2024
KIA,2024-06-02,2024
KIA,2024-06-04,2024
KIA,2024-06-05,2024
KIA,2024-06-06,2024
KIA,2024-06-18,2024
KIA,2024-06-19,2024
KIA,2024-06-20,2024
KIA,2024-06-21,2024
KIA,2024-06-23,2024
KIA,2024-06-23,2024
KIA,2024-06-28,2024
KIA,2024-07-12,2024
KIA,2024-07-13,2024
KIA,2024-07-14,2024
KIA,2024-07-17,2024
KIA,2024-07-18,2024
KIA,2024-07-23,2024
KIA,2024-07-24,2024
KIA,2024-07-25,2024
KIA,2024-07-30,2024
KIA,2024-07-31,2024
KIA,2024-08-01,2024
KIA,2024-08-06,2024
KIA,2024-08-07,2024
KIA,2024-08-08,2024
KIA,2024-08-09,2024
KIA,2024-08-11,2024
KIA,2024-08-21,2024
KIA,2024-08-22,2024
KIA,2024-08-27,2024
KIA,2024-08-28,2024
KIA,2024-08-29,2024
KIA,2024-09-03,2024
KIA,2024-09-04,2024
KIA,2024-09-05,2024
KIA,2024-09-06,2024
KIA,2024-09-07,2024
KIA,2024-09-08,2024
KIA,2024-09-12,2024
KIA,2024-09-14,2024
KIA,2024-09-15,2024
KIA,2024-09-23,2024
KIA,2024-09-24,2024
KIA,2024-09-25,2024
KIA,2024-09-30,2024
KIA,2025-03-22,2025
KIA,2025-03-23,2025
KIA,2025-03-25,2025
KIA,2025-03-26,2025
KIA,2025-03-27,2025
KIA,2025-04-02,2025
KIA,2025-04-03,2025
KIA,2025-04-11,2025
KIA,2025-04-13,2025
KIA,2025-04-15,2025
KIA,2025-04-16,2025
KIA,2025-04-17,2025
KIA,2025-04-25,2025
KIA,2025-04-26,2025
KIA,2025-04-27,2025
KIA,2025-04-29,2025
KIA,2025-04-30,2025
KIA,2025-05-02,2025
KIA,2025-05-04,2025
KIA,2025-05-13,2025
KIA,2025-05-14,2025
KIA,2025-05-15,2025
KIA,2025-05-17,2025
KIA,2025-05-17,2025
KIA,2025-05-18,2025
KIA,2025-05-27,2025
KIA,2025-05-28,2025
KIA,2025-05-29,2025
KIA,2025-06-06,2025
KIA,2025-06-07,2025
KIA,2025-06-08,2025
KIA,2025-06-10,2025
KIA,2025-06-11,2025
KIA,2025-06-12,2025
KIA,2025-06-17,2025
KIA,2025-06-18,2025
KIA,2025-06-19,2025
KIA,2025-07-01,2025
KIA,2025-07-02,2025
KIA,2025-07-03,2025
KIA,2025-07-04,2025
KIA,2025-07-05,2025
KIA,2025-07-06,2025
KIA,2025-07-20,2025
KIA,2025-07-22,2025
KIA,2025-07-23,2025
KIA,2025-07-24,2025
KIA,2025-07-29,2025
KIA,2025-07-30,2025
KIA,2025-07-31,2025
KIA,2025-08-01,2025
KIA,2025-08-19,2025
KIA,2025-08-20,2025
KIA,2025-08-21,2025
KIA,2025-08-22,2025
KIA,2025-08-23,2025
KIA,2025-08-24,2025
KIA,2025-09-03,2025
KIA,2025-09-10,2025
KIA,2025-09-11,2025
KIA,2025-09-12,2025
KIA,2025-09-16,2025
KIA,2025-09-17,2025
KIA,2025-09-18,2025
KIA,2025-09-20,2025
KIA,2025-09-21,2025
KIA,2025-09-27,2025
KIA,2025-09-29,2025
KIA,2025-10-01,2025
KIA,2025-10-02,2025
KIA,2025-10-04,2025
KIA,2026-04-03,2026
KIA,2026-04-04,2026
KIA,2026-04-05,2026
KIA,2026-04-07,2026
KIA,2026-04-08,2026
KT,2024-04-02,2024
KT,2024-04-03,2024
KT,2024-04-04,2024
KT,2024-04-12,2024
KT,2024-04-13,2024
KT,2024-04-14,2024
KT,2024-04-23,2024
KT,2024-04-24,2024
KT,2024-04-25,2024
KT,2024-05-03,2024
KT,2024-05-04,2024
KT,2024-05-08,2024
KT,2024-05-09,2024
KT,2024-05-14,2024
KT,2024-05-16,2024
KT,2024-05-17,2024
KT,2024-05-18,2024
KT,2024-05-19,2024
KT,2024-05-24,2024
KT,2024-05-25,2024
KT,2024-06-04,2024
KT,2024-06-05,2024
KT,2024-06-06,2024
KT,2024-06-07,2024
KT,2024-06-08,2024
KT,2024-06-09,2024
KT,2024-06-14,2024
KT,2024-06-15,2024
KT,2024-06-16,2024
KT,2024-06-18,2024
KT,2024-06-19,2024
KT,2024-06-20,2024
KT,2024-06-28,2024
KT,2024-06-30,2024
KT,2024-06-30,2024
KT,2024-07-10,2024
KT,2024-07-11,2024
KT,2024-07-19,2024
KT,2024-07-21,2024
KT,2024-07-24,2024
KT,2024-07-25,2024
KT,2024-07-30,2024
KT,2024-07-31,2024
KT,2024-08-01,2024
KT,2024-08-09,2024
KT,2024-08-10,2024
KT,2024-08-11,2024
KT,2024-08-16,2024
KT,2024-08-17,2024
KT,2024-08-18,2024
KT,2024-08-20,2024
KT,2024-08-21,2024
KT,2024-08-22,2024
KT,2024-08-30,2024
KT,2024-09-07,2024
KT,2024-09-10,2024
KT,2024-09-11,2024
KT,2024-09-12,2024
KT,2024-09-16,2024
KT,2024-09-18,2024
KT,2024-09-19,2024
KT,2024-09-21,2024
KT,2024-09-22,2024
KT,2024-09-24,2024
KT,2024-09-27,2024
KT,2024-09-28,2024
KT,2025-03-22,2025
KT,2025-03-23,2025
KT,2025-03-25,2025
KT,2025-03-26,2025
KT,2025-03-27,2025
KT,2025-04-02,2025
KT,2025-04-03,2025
KT,2025-04-08,2025
KT,2025-04-09,2025
KT,2025-04-10,2025
KT,2025-04-11,2025
KT,2025-04-13,2025
KT,2025-04-22,2025
KT,2025-04-23,2025
KT,2025-04-24,2025
KT,2025-05-02,2025
KT,2025-05-03,2025
KT,2025-05-04,2025
KT,2025-05-05,2025
KT,2025-05-06,2025
KT,2025-05-07,2025
KT,2025-05-10,2025
KT,2025-05-11,2025
KT,2025-05-11,2025
KT,2025-05-20,2025
KT,2025-05-21,2025
KT,2025-05-22,2025
KT,2025-05-27,2025
KT,2025-05-28,2025
KT,2025-05-29,2025
KT,2025-05-30,2025
KT,2025-05-31,2025
KT,2025-06-01,2025
KT,2025-06-06,2025
KT,2025-06-07,2025
KT,2025-06-08,2025
KT,2025-06-10,2025
KT,2025-06-11,2025
KT,2025-06-12,2025
KT,2025-06-21,2025
KT,2025-06-22,2025
KT,2025-06-24,2025
KT,2025-06-26,2025
KT,2025-07-01,2025
KT,2025-07-02,2025
KT,2025-07-03,2025
KT,2025-07-18,2025
KT,2025-07-19,2025
KT,2025-07-20,2025
KT,2025-07-25,2025
KT,2025-07-26,2025
KT,2025-07-27,2025
KT,2025-08-08,2025
KT,2025-08-09,2025
KT,2025-08-10,2025
KT,2025-08-12,2025
KT,2025-08-19,2025
KT,2025-08-20,2025
KT,2025-08-21,2025
KT,2025-08-29,2025
KT,2025-08-30,2025
KT,2025-08-31,2025
KT,2025-09-02,2025
KT,2025-09-03,2025
KT,2025-09-04,2025
KT,2025-09-09,2025
KT,2025-09-16,2025
KT,2025-09-18,2025
KT,2025-09-18,2025
KT,2025-09-20,2025
KT,2025-09-21,2025
KT,2025-09-23,2025
KT,2025-10-03,2025
KT,2026-04-03,2026
KT,2026-04-04,2026
KT,2026-04-05,2026
LG,2024-04-02,2024
LG,2024-04-03,2024
LG,2024-04-04,2024
LG,2024-04-05,2024
LG,2024-04-06,2024
LG,2024-04-07,2024
LG,2024-04-16,2024
LG,2024-04-17,2024
LG,2024-04-18,2024
LG,2024-04-26,2024
LG,2024-04-27,2024
LG,2024-04-28,2024
LG,2024-05-03,2024
LG,2024-05-04,2024
LG,2024-05-07,2024
LG,2024-05-08,2024
LG,2024-05-09,2024
LG,2024-05-14,2024
LG,2024-05-16,2024
LG,2024-05-24,2024
LG,2024-05-25,2024
LG,2024-05-26,2024
LG,2024-06-04,2024
LG,2024-06-05,2024
LG,2024-06-06,2024
LG,2024-06-14,2024
LG,2024-06-15,2024
LG,2024-06-16,2024
LG,2024-06-21,2024
LG,2024-06-23,2024
LG,2024-06-23,2024
LG,2024-06-25,2024
LG,2024-06-26,2024
LG,2024-06-27,2024
LG,2024-07-09,2024
LG,2024-07-10,2024
LG,2024-07-11,2024
LG,2024-07-17,2024
LG,2024-07-19,2024
LG,2024-07-21,2024
LG,2024-07-28,2024
LG,2024-07-30,2024
LG,2024-07-31,2024
LG,2024-08-01,2024
LG,2024-08-09,2024
LG,2024-08-10,2024
LG,2024-08-11,2024
LG,2024-08-16,2024
LG,2024-08-17,2024
LG,2024-08-18,2024
LG,2024-08-20,2024
LG,2024-08-21,2024
LG,2024-08-22,2024
LG,2024-08-27,2024
LG,2024-08-28,2024
LG,2024-08-29,2024
LG,2024-09-04,2024
LG,2024-09-05,2024
LG,2024-09-06,2024
LG,2024-09-07,2024
LG,2024-09-08,2024
LG,2024-09-10,2024
LG,2024-09-11,2024
LG,2024-09-21,2024
LG,2024-09-21,2024
LG,2024-09-22,2024
LG,2024-09-25,2024
LG,2024-09-26,2024
LG,2025-03-22,2025
LG,2025-03-23,2025
LG,2025-03-25,2025
LG,2025-03-26,2025
LG,2025-03-27,2025
LG,2025-04-04,2025
LG,2025-04-06,2025
LG,2025-04-11,2025
LG,2025-04-12,2025
LG,2025-04-13,2025
LG,2025-04-15,2025
LG,2025-04-16,2025
LG,2025-04-17,2025
LG,2025-04-22,2025
LG,2025-04-23,2025
LG,2025-04-24,2025
LG,2025-05-02,2025
LG,2025-05-03,2025
LG,2025-05-04,2025
LG,2025-05-13,2025
LG,2025-05-14,2025
LG,2025-05-15,2025
LG,2025-05-17,2025
LG,2025-05-17,2025
LG,2025-05-18,2025
LG,2025-05-27,2025
LG,2025-05-28,2025
LG,2025-05-29,2025
LG,2025-05-30,2025
LG,2025-05-31,2025
LG,2025-06-01,2025
LG,2025-06-10,2025
LG,2025-06-11,2025
LG,2025-06-12,2025
LG,2025-06-17,2025
LG,2025-06-18,2025
LG,2025-06-19,2025
LG,2025-06-21,2025
LG,2025-06-22,2025
LG,2025-06-27,2025
LG,2025-06-28,2025
LG,2025-06-29,2025
LG,2025-07-08,2025
LG,2025-07-09,2025
LG,2025-07-10,2025
LG,2025-07-18,2025
LG,2025-07-19,2025
LG,2025-07-20,2025
LG,2025-07-29,2025
LG,2025-07-30,2025
LG,2025-07-31,2025
LG,2025-08-05,2025
LG,2025-08-06,2025
LG,2025-08-07,2025
LG,2025-08-08,2025
LG,2025-08-09,2025
LG,2025-08-10,2025
LG,2025-08-19,2025
LG,2025-08-20,2025
LG,2025-08-21,2025
LG,2025-08-29,2025
LG,2025-08-30,2025
LG,2025-08-31,2025
LG,2025-09-02,2025
LG,2025-09-07,2025
LG,2025-09-11,2025
LG,2025-09-13,2025
LG,2025-09-14,2025
LG,2025-09-20,2025
LG,2025-09-30,2025
LG,2025-10-01,2025
LG,2026-03-28,2026
LG,2026-03-29,2026
LG,2026-03-31,2026
LG,2026-04-01,2026
LG,2026-04-02,2026
NC,2024-04-06,2024
NC,2024-04-07,2024
NC,2024-04-09,2024
NC,2024-04-10,2024
NC,2024-04-11,2024
NC,2024-04-16,2024
NC,2024-04-17,2024
NC,2024-04-26,2024
NC,2024-04-27,2024
NC,2024-04-28,2024
NC,2024-04-30,2024
NC,2024-05-01,2024
NC,2024-05-02,2024
NC,2024-05-10,2024
NC,2024-05-11,2024
NC,2024-05-12,2024
NC,2024-05-17,2024
NC,2024-05-18,2024
NC,2024-05-19,2024
NC,2024-05-28,2024
NC,2024-05-29,2024
NC,2024-05-30,2024
NC,2024-06-04,2024
NC,2024-06-05,2024
NC,2024-06-06,2024
NC,2024-06-11,2024
NC,2024-06-12,2024
NC,2024-06-13,2024
NC,2024-06-14,2024
NC,2024-06-15,2024
NC,2024-06-16,2024
NC,2024-06-28,2024
NC,2024-06-30,2024
NC,2024-07-03,2024
NC,2024-07-04,2024
NC,2024-07-12,2024
NC,2024-07-13,2024
NC,2024-07-17,2024
NC,2024-07-18,2024
NC,2024-07-26,2024
NC,2024-07-27,2024
NC,2024-07-28,2024
NC,2024-08-02,2024
NC,2024-08-04,2024
NC,2024-08-13,2024
NC,2024-08-15,2024
NC,2024-08-16,2024
NC,2024-08-17,2024
NC,2024-08-18,2024
NC,2024-08-23,2024
NC,2024-08-24,2024
NC,2024-08-25,2024
NC,2024-08-27,2024
NC,2024-08-28,2024
NC,2024-08-29,2024
NC,2024-09-03,2024
NC,2024-09-04,2024
NC,2024-09-05,2024
NC,2024-09-06,2024
NC,2024-09-14,2024
NC,2024-09-15,2024
NC,2024-09-17,2024
NC,2024-09-18,2024
NC,2024-09-19,2024
NC,2024-09-25,2024
NC,2024-09-26,2024
NC,2024-09-28,2024
NC,2024-10-01,2024
NC,2025-03-28,2025
NC,2025-03-29,2025
NC,2025-04-11,2025
NC,2025-04-12,2025
NC,2025-04-13,2025
NC,2025-05-17,2025
NC,2025-05-17,2025
NC,2025-05-18,2025
NC,2025-05-20,2025
NC,2025-05-21,2025
NC,2025-05-22,2025
NC,2025-05-30,2025
NC,2025-05-31,2025
NC,2025-06-01,2025
NC,2025-06-03,2025
NC,2025-06-04,2025
NC,2025-06-05,2025
NC,2025-06-13,2025
NC,2025-06-14,2025
NC,2025-06-15,2025
NC,2025-06-25,2025
NC,2025-06-26,2025
NC,2025-06-27,2025
NC,2025-06-28,2025
NC,2025-06-29,2025
NC,2025-07-04,2025
NC,2025-07-05,2025
NC,2025-07-06,2025
NC,2025-07-08,2025
NC,2025-07-09,2025
NC,2025-07-10,2025
NC,2025-07-22,2025
NC,2025-07-23,2025
NC,2025-07-24,2025
NC,2025-07-25,2025
NC,2025-07-26,2025
NC,2025-07-27,2025
NC,2025-08-01,2025
NC,2025-08-02,2025
NC,2025-08-03,2025
NC,2025-08-05,2025
NC,2025-08-06,2025
NC,2025-08-07,2025
NC,2025-08-08,2025
NC,2025-08-10,2025
NC,2025-08-15,2025
NC,2025-08-16,2025
NC,2025-08-17,2025
NC,2025-08-19,2025
NC,2025-08-20,2025
NC,2025-08-21,2025
NC,2025-08-22,2025
NC,2025-08-23,2025
NC,2025-08-24,2025
NC,2025-08-26,2025
NC,2025-08-27,2025
NC,2025-08-28,2025
NC,2025-09-04,2025
NC,2025-09-05,2025
NC,2025-09-06,2025
NC,2025-09-07,2025
NC,2025-09-10,2025
NC,2025-09-13,2025
NC,2025-09-14,2025
NC,2025-09-16,2025
NC,2025-09-17,2025
NC,2025-09-18,2025
NC,2025-09-19,2025
NC,2025-09-24,2025
NC,2025-09-30,2025
NC,2025-10-04,2025
NC,2026-03-28,2026
NC,2026-03-29,2026
NC,2026-03-31,2026
NC,2026-04-01,2026
NC,2026-04-02,2026
NC,2026-04-07,2026
NC,2026-04-08,2026
SSG,2024-04-02,2024
SSG,2024-04-03,2024
SSG,2024-04-04,2024
SSG,2024-04-09,2024
SSG,2024-04-10,2024
SSG,2024-04-11,2024
SSG,2024-04-16,2024
SSG,2024-04-17,2024
SSG,2024-04-18,2024
SSG,2024-04-19,2024
SSG,2024-04-21,2024
SSG,2024-04-21,2024
SSG,2024-04-26,2024
SSG,2024-04-27,2024
SSG,2024-04-28,2024
SSG,2024-05-03,2024
SSG,2024-05-04,2024
SSG,2024-05-14,2024
SSG,2024-05-16,2024
SSG,2024-05-24,2024
SSG,2024-05-25,2024
SSG,2024-05-28,2024
SSG,2024-05-29,2024
SSG,2024-05-30,2024
SSG,2024-06-04,2024
SSG,2024-06-05,2024
SSG,2024-06-06,2024
SSG,2024-06-11,2024
SSG,2024-06-12,2024
SSG,2024-06-13,2024
SSG,2024-06-21,2024
SSG,2024-06-22,2024
SSG,2024-06-23,2024
SSG,2024-06-25,2024
SSG,2024-06-26,2024
SSG,2024-06-27,2024
SSG,2024-07-09,2024
SSG,2024-07-10,2024
SSG,2024-07-11,2024
SSG,2024-07-19,2024
SSG,2024-07-21,2024
SSG,2024-07-26,2024
SSG,2024-07-27,2024
SSG,2024-07-28,2024
SSG,2024-07-30,2024
SSG,2024-07-31,2024
SSG,2024-08-01,2024
SSG,2024-08-09,2024
SSG,2024-08-10,2024
SSG,2024-08-11,2024
SSG,2024-08-16,2024
SSG,2024-08-17,2024
SSG,2024-08-18,2024
SSG,2024-08-23,2024
SSG,2024-08-24,2024
SSG,2024-08-25,2024
SSG,2024-08-31,2024
SSG,2024-09-01,2024
SSG,2024-09-10,2024
SSG,2024-09-11,2024
SSG,2024-09-14,2024
SSG,2024-09-15,2024
SSG,2024-09-17,2024
SSG,2024-09-19,2024
SSG,2024-09-24,2024
SSG,2024-09-30,2024
SSG,2025-03-22,2025
SSG,2025-03-23,2025
SSG,2025-03-25,2025
SSG,2025-03-26,2025
SSG,2025-03-27,2025
SSG,2025-04-04,2025
SSG,2025-04-06,2025
SSG,2025-04-15,2025
SSG,2025-04-16,2025
SSG,2025-04-17,2025
SSG,2025-04-18,2025
SSG,2025-04-19,2025
SSG,2025-04-20,2025
SSG,2025-04-25,2025
SSG,2025-04-26,2025
SSG,2025-04-27,2025
SSG,2025-04-29,2025
SSG,2025-04-30,2025
SSG,2025-05-01,2025
SSG,2025-05-10,2025
SSG,2025-05-11,2025
SSG,2025-05-11,2025
SSG,2025-05-13,2025
SSG,2025-05-14,2025
SSG,2025-05-15,2025
SSG,2025-05-23,2025
SSG,2025-05-24,2025
SSG,2025-05-25,2025
SSG,2025-05-27,2025
SSG,2025-05-28,2025
SSG,2025-05-29,2025
SSG,2025-06-03,2025
SSG,2025-06-04,2025
SSG,2025-06-05,2025
SSG,2025-06-14,2025
SSG,2025-06-15,2025
SSG,2025-06-21,2025
SSG,2025-06-22,2025
SSG,2025-06-27,2025
SSG,2025-06-28,2025
SSG,2025-06-29,2025
SSG,2025-07-08,2025
SSG,2025-07-09,2025
SSG,2025-07-10,2025
SSG,2025-07-19,2025
SSG,2025-07-20,2025
SSG,2025-07-29,2025
SSG,2025-07-30,2025
SSG,2025-07-31,2025
SSG,2025-08-05,2025
SSG,2025-08-06,2025
SSG,2025-08-07,2025
SSG,2025-08-12,2025
SSG,2025-08-14,2025
SSG,2025-08-15,2025
SSG,2025-08-16,2025
SSG,2025-08-17,2025
SSG,2025-08-26,2025
SSG,2025-08-27,2025
SSG,2025-08-28,2025
SSG,2025-08-29,2025
SSG,2025-08-30,2025
SSG,2025-08-31,2025
SSG,2025-09-02,2025
SSG,2025-09-05,2025
SSG,2025-09-20,2025
SSG,2025-09-21,2025
SSG,2025-09-22,2025
SSG,2025-09-23,2025
SSG,2025-09-25,2025
SSG,2025-09-26,2025
SSG,2025-09-29,2025
SSG,2025-10-01,2025
SSG,2026-03-28,2026
SSG,2026-03-29,2026
SSG,2026-03-31,2026
SSG,2026-04-01,2026
SSG,2026-04-02,2026
SSG,2026-04-07,2026
SSG,2026-04-08,2026
두산,2024-04-11,2024
두산,2024-04-12,2024
두산,2024-04-13,2024
두산,2024-04-14,2024
두산,2024-04-19,2024
두산,2024-04-21,2024
두산,2024-04-21,2024
두산,2024-04-23,2024
두산,2024-04-24,2024
두산,2024-04-25,2024
두산,2024-04-30,2024
두산,2024-05-01,2024
두산,2024-05-02,2024
두산,2024-05-10,2024
두산,2024-05-12,2024
두산,2024-05-12,2024
두산,2024-05-17,2024
두산,2024-05-18,2024
두산,2024-05-19,2024
두산,2024-05-21,2024
두산,2024-05-22,2024
두산,2024-05-23,2024
두산,2024-05-28,2024
두산,2024-05-29,2024
두산,2024-05-30,2024
두산,2024-05-31,2024
두산,2024-06-01,2024
두산,2024-06-02,2024
두산,2024-06-07,2024
두산,2024-06-08,2024
두산,2024-06-09,2024
두산,2024-06-11,2024
두산,2024-06-12,2024
두산,2024-06-13,2024
두산,2024-06-18,2024
두산,2024-06-19,2024
두산,2024-06-20,2024
두산,2024-06-28,2024
두산,2024-06-29,2024
두산,2024-06-30,2024
두산,2024-07-03,2024
두산,2024-07-04,2024
두산,2024-07-12,2024
두산,2024-07-13,2024
두산,2024-07-14,2024
두산,2024-07-23,2024
두산,2024-07-24,2024
두산,2024-07-25,2024
두산,2024-08-02,2024
두산,2024-08-03,2024
두산,2024-08-06,2024
두산,2024-08-07,2024
두산,2024-08-08,2024
두산,2024-08-14,2024
두산,2024-08-15,2024
두산,2024-08-23,2024
두산,2024-08-24,2024
두산,2024-08-25,2024
두산,2024-08-31,2024
두산,2024-09-01,2024
두산,2024-09-14,2024
두산,2024-09-16,2024
두산,2024-09-17,2024
두산,2024-09-19,2024
두산,2024-09-23,2024
두산,2024-09-24,2024
두산,2025-03-28,2025
두산,2025-03-29,2025
두산,2025-03-30,2025
두산,2025-04-02,2025
두산,2025-04-03,2025
두산,2025-04-08,2025
두산,2025-04-09,2025
두산,2025-04-10,2025
두산,2025-04-18,2025
두산,2025-04-19,2025
두산,2025-04-20,2025
두산,2025-04-25,2025
두산,2025-04-26,2025
두산,2025-04-27,2025
두산,2025-04-29,2025
두산,2025-04-30,2025
두산,2025-05-01,2025
두산,2025-05-05,2025
두산,2025-05-06,2025
두산,2025-05-07,2025
두산,2025-05-10,2025
두산,2025-05-11,2025
두산,2025-05-11,2025
두산,2025-05-20,2025
두산,2025-05-21,2025
두산,2025-05-22,2025
두산,2025-05-23,2025
두산,2025-05-24,2025
두산,2025-05-25,2025
두산,2025-06-03,2025
두산,2025-06-04,2025
두산,2025-06-05,2025
두산,2025-06-06,2025
두산,2025-06-07,2025
두산,2025-06-08,2025
두산,2025-06-14,2025
두산,2025-06-15,2025
두산,2025-06-24,2025
두산,2025-06-26,2025
두산,2025-07-01,2025
두산,2025-07-02,2025
두산,2025-07-03,2025
두산,2025-07-04,2025
두산,2025-07-05,2025
두산,2025-07-06,2025
두산,2025-07-22,2025
두산,2025-07-23,2025
두산,2025-07-24,2025
두산,2025-07-25,2025
두산,2025-07-26,2025
두산,2025-07-27,2025
두산,2025-08-01,2025
두산,2025-08-02,2025
두산,2025-08-03,2025
두산,2025-08-12,2025
두산,2025-08-14,2025
두산,2025-08-15,2025
두산,2025-08-16,2025
두산,2025-08-17,2025
두산,2025-08-22,2025
두산,2025-08-23,2025
두산,2025-08-24,2025
두산,2025-08-26,2025
두산,2025-08-27,2025
두산,2025-08-28,2025
두산,2025-09-10,2025
두산,2025-09-16,2025
두산,2025-09-17,2025
두산,2025-09-18,2025
두산,2025-09-25,2025
두산,2025-09-26,2025
두산,2025-09-27,2025
두산,2025-09-28,2025
두산,2026-04-03,2026
두산,2026-04-04,2026
두산,2026-04-05,2026
두산,2026-04-07,2026
두산,2026-04-08,2026
롯데,2024-04-07,2024
롯데,2024-04-09,2024
롯데,2024-04-10,2024
롯데,2024-04-11,2024
롯데,2024-04-19,2024
롯데,2024-04-21,2024
롯데,2024-04-21,2024
롯데,2024-04-24,2024
롯데,2024-04-25,2024
롯데,2024-04-30,2024
롯데,2024-05-01,2024
롯데,2024-05-02,2024
롯데,2024-05-08,2024
롯데,2024-05-09,2024
롯데,2024-05-10,2024
롯데,2024-05-11,2024
롯데,2024-05-12,2024
롯데,2024-05-21,2024
롯데,2024-05-22,2024
롯데,2024-05-23,2024
롯데,2024-05-24,2024
롯데,2024-05-25,2024
롯데,2024-05-26,2024
롯데,2024-05-31,2024
롯데,2024-06-01,2024
롯데,2024-06-02,2024
롯데,2024-06-07,2024
롯데,2024-06-09,2024
롯데,2024-06-09,2024
롯데,2024-06-11,2024
롯데,2024-06-12,2024
롯데,2024-06-13,2024
롯데,2024-06-25,2024
롯데,2024-06-26,2024
롯데,2024-06-27,2024
롯데,2024-06-28,2024
롯데,2024-07-12,2024
롯데,2024-07-13,2024
롯데,2024-07-16,2024
롯데,2024-07-17,2024
롯데,2024-07-18,2024
롯데,2024-07-23,2024
롯데,2024-07-25,2024
롯데,2024-08-03,2024
롯데,2024-08-06,2024
롯데,2024-08-07,2024
롯데,2024-08-16,2024
롯데,2024-08-17,2024
롯데,2024-08-18,2024
롯데,2024-08-27,2024
롯데,2024-08-28,2024
롯데,2024-08-29,2024
롯데,2024-09-04,2024
롯데,2024-09-05,2024
롯데,2024-09-06,2024
롯데,2024-09-07,2024
롯데,2024-09-08,2024
롯데,2024-09-13,2024
롯데,2024-09-14,2024
롯데,2024-09-15,2024
롯데,2024-09-17,2024
롯데,2024-09-18,2024
롯데,2024-09-19,2024
롯데,2024-09-26,2024
롯데,2024-09-27,2024
롯데,2024-09-28,2024
롯데,2025-03-28,2025
롯데,2025-03-29,2025
롯데,2025-03-30,2025
롯데,2025-04-04,2025
롯데,2025-04-05,2025
롯데,2025-04-06,2025
롯데,2025-04-08,2025
롯데,2025-04-09,2025
롯데,2025-04-10,2025
롯데,2025-04-15,2025
롯데,2025-04-16,2025
롯데,2025-04-17,2025
롯데,2025-04-23,2025
롯데,2025-04-24,2025
롯데,2025-05-02,2025
롯데,2025-05-03,2025
롯데,2025-05-04,2025
롯데,2025-05-05,2025
롯데,2025-05-06,2025
롯데,2025-05-07,2025
롯데,2025-05-17,2025
롯데,2025-05-17,2025
롯데,2025-05-18,2025
롯데,2025-05-20,2025
롯데,2025-05-21,2025
롯데,2025-05-22,2025
롯데,2025-05-30,2025
롯데,2025-05-31,2025
롯데,2025-06-01,2025
롯데,2025-06-03,2025
롯데,2025-06-04,2025
롯데,2025-06-05,2025
롯데,2025-06-17,2025
롯데,2025-06-18,2025
롯데,2025-06-19,2025
롯데,2025-06-20,2025
롯데,2025-06-22,2025
롯데,2025-06-27,2025
롯데,2025-06-28,2025
롯데,2025-06-29,2025
롯데,2025-07-01,2025
롯데,2025-07-02,2025
롯데,2025-07-03,2025
롯데,2025-07-08,2025
롯데,2025-07-09,2025
롯데,2025-07-10,2025
롯데,2025-07-25,2025
롯데,2025-07-26,2025
롯데,2025-07-27,2025
롯데,2025-07-29,2025
롯데,2025-07-30,2025
롯데,2025-07-31,2025
롯데,2025-08-05,2025
롯데,2025-08-06,2025
롯데,2025-08-07,2025
롯데,2025-08-08,2025
롯데,2025-08-10,2025
롯데,2025-08-15,2025
롯데,2025-08-16,2025
롯데,2025-08-17,2025
롯데,2025-08-26,2025
롯데,2025-08-27,2025
롯데,2025-08-28,2025
롯데,2025-08-29,2025
롯데,2025-08-30,2025
롯데,2025-08-31,2025
롯데,2025-09-09,2025
롯데,2025-09-10,2025
롯데,2025-09-13,2025
롯데,2025-09-20,2025
롯데,2025-09-23,2025
롯데,2025-09-25,2025
롯데,2025-09-26,2025
롯데,2026-04-03,2026
롯데,2026-04-04,2026
롯데,2026-04-05,2026
롯데,2026-04-07,2026
롯데,2026-04-08,2026
삼성,2024-04-12,2024
삼성,2024-04-13,2024
삼성,2024-04-14,2024
삼성,2024-04-16,2024
삼성,2024-04-17,2024
삼성,2024-04-18,2024
삼성,2024-04-23,2024
삼성,2024-04-24,2024
삼성,2024-04-25,2024
삼성,2024-05-03,2024
삼성,2024-05-04,2024
삼성,2024-05-08,2024
삼성,2024-05-09,2024
삼성,2024-05-17,2024
삼성,2024-05-18,2024
삼성,2024-05-19,2024
삼성,2024-05-21,2024
삼성,2024-05-22,2024
삼성,2024-05-23,2024
삼성,2024-05-28,2024
삼성,2024-05-29,2024
삼성,2024-05-30,2024
삼성,2024-05-31,2024
삼성,2024-06-01,2024
삼성,2024-06-02,2024
삼성,2024-06-11,2024
삼성,2024-06-12,2024
삼성,2024-06-13,2024
삼성,2024-06-18,2024
삼성,2024-06-19,2024
삼성,2024-06-20,2024
삼성,2024-06-21,2024
삼성,2024-06-23,2024
삼성,2024-06-23,2024
삼성,2024-07-02,2024
삼성,2024-07-03,2024
삼성,2024-07-04,2024
삼성,2024-07-10,2024
삼성,2024-07-11,2024
삼성,2024-07-19,2024
삼성,2024-07-20,2024
삼성,2024-07-21,2024
삼성,2024-07-26,2024
삼성,2024-07-27,2024
삼성,2024-07-28,2024
삼성,2024-08-02,2024
삼성,2024-08-03,2024
삼성,2024-08-04,2024
삼성,2024-08-06,2024
삼성,2024-08-07,2024
삼성,2024-08-08,2024
삼성,2024-08-13,2024
삼성,2024-08-14,2024
삼성,2024-08-15,2024
삼성,2024-08-20,2024
삼성,2024-08-21,2024
삼성,2024-08-23,2024
삼성,2024-08-24,2024
삼성,2024-08-25,2024
삼성,2024-08-31,2024
삼성,2024-09-01,2024
삼성,2024-09-03,2024
삼성,2024-09-04,2024
삼성,2024-09-07,2024
삼성,2024-09-08,2024
삼성,2024-09-22,2024
삼성,2024-09-25,2024
삼성,2024-09-28,2024
삼성,2025-03-22,2025
삼성,2025-03-23,2025
삼성,2025-03-25,2025
삼성,2025-03-26,2025
삼성,2025-03-27,2025
삼성,2025-04-04,2025
삼성,2025-04-05,2025
삼성,2025-04-06,2025
삼성,2025-04-08,2025
삼성,2025-04-09,2025
삼성,2025-04-10,2025
삼성,2025-04-18,2025
삼성,2025-04-19,2025
삼성,2025-04-20,2025
삼성,2025-04-23,2025
삼성,2025-04-24,2025
삼성,2025-04-25,2025
삼성,2025-04-26,2025
삼성,2025-04-27,2025
삼성,2025-05-02,2025
삼성,2025-05-03,2025
삼성,2025-05-04,2025
삼성,2025-05-10,2025
삼성,2025-05-10,2025
삼성,2025-05-11,2025
삼성,2025-05-13,2025
삼성,2025-05-14,2025
삼성,2025-05-15,2025
삼성,2025-05-23,2025
삼성,2025-05-24,2025
삼성,2025-05-25,2025
삼성,2025-05-27,2025
삼성,2025-05-29,2025
삼성,2025-06-06,2025
삼성,2025-06-07,2025
삼성,2025-06-08,2025
삼성,2025-06-14,2025
삼성,2025-06-15,2025
삼성,2025-06-17,2025
삼성,2025-06-18,2025
삼성,2025-06-19,2025
삼성,2025-06-25,2025
삼성,2025-06-26,2025
삼성,2025-07-04,2025
삼성,2025-07-05,2025
삼성,2025-07-06,2025
삼성,2025-07-20,2025
삼성,2025-07-22,2025
삼성,2025-07-23,2025
삼성,2025-07-24,2025
삼성,2025-08-01,2025
삼성,2025-08-02,2025
삼성,2025-08-03,2025
삼성,2025-08-12,2025
삼성,2025-08-13,2025
삼성,2025-08-14,2025
삼성,2025-08-22,2025
삼성,2025-08-23,2025
삼성,2025-08-24,2025
삼성,2025-09-03,2025
삼성,2025-09-05,2025
삼성,2025-09-06,2025
삼성,2025-09-07,2025
삼성,2025-09-11,2025
삼성,2025-09-13,2025
삼성,2025-09-14,2025
삼성,2025-09-16,2025
삼성,2025-09-23,2025
삼성,2025-09-24,2025
삼성,2025-09-25,2025
삼성,2025-09-30,2025
삼성,2026-03-28,2026
삼성,2026-03-29,2026
삼성,2026-03-31,2026
삼성,2026-04-01,2026
삼성,2026-04-02,2026
키움,2024-04-07,2024
키움,2024-04-12,2024
키움,2024-04-13,2024
키움,2024-04-14,2024
키움,2024-04-16,2024
키움,2024-04-17,2024
키움,2024-04-18,2024
키움,2024-04-23,2024
키움,2024-04-24,2024
키움,2024-04-25,2024
키움,2024-04-26,2024
키움,2024-04-27,2024
키움,2024-04-28,2024
키움,2024-05-07,2024
키움,2024-05-08,2024
키움,2024-05-09,2024
키움,2024-05-17,2024
키움,2024-05-18,2024
키움,2024-05-19,2024
키움,2024-05-21,2024
키움,2024-05-22,2024
키움,2024-05-23,2024
키움,2024-05-31,2024
키움,2024-06-01,2024
키움,2024-06-02,2024
키움,2024-06-07,2024
키움,2024-06-08,2024
키움,2024-06-09,2024
키움,2024-06-14,2024
키움,2024-06-15,2024
키움,2024-06-16,2024
키움,2024-06-21,2024
키움,2024-06-22,2024
키움,2024-06-23,2024
키움,2024-06-25,2024
키움,2024-06-26,2024
키움,2024-06-27,2024
키움,2024-07-02,2024
키움,2024-07-03,2024
키움,2024-07-04,2024
키움,2024-07-09,2024
키움,2024-07-10,2024
키움,2024-07-11,2024
키움,2024-07-16,2024
키움,2024-07-17,2024
키움,2024-07-18,2024
키움,2024-07-26,2024
키움,2024-07-27,2024
키움,2024-07-28,2024
키움,2024-07-30,2024
키움,2024-07-31,2024
키움,2024-08-01,2024
키움,2024-08-06,2024
키움,2024-08-07,2024
키움,2024-08-08,2024
키움,2024-08-13,2024
키움,2024-08-14,2024
키움,2024-08-15,2024
키움,2024-08-23,2024
키움,2024-08-24,2024
키움,2024-08-25,2024
키움,2024-08-27,2024
키움,2024-08-28,2024
키움,2024-08-29,2024
키움,2024-08-30,2024
키움,2024-09-10,2024
키움,2024-09-17,2024
키움,2024-09-24,2024
키움,2025-03-28,2025
키움,2025-03-29,2025
키움,2025-03-30,2025
키움,2025-04-04,2025
키움,2025-04-05,2025
키움,2025-04-06,2025
키움,2025-04-08,2025
키움,2025-04-09,2025
키움,2025-04-10,2025
키움,2025-04-18,2025
키움,2025-04-19,2025
키움,2025-04-20,2025
키움,2025-04-22,2025
키움,2025-04-23,2025
키움,2025-04-24,2025
키움,2025-04-29,2025
키움,2025-04-30,2025
키움,2025-05-01,2025
키움,2025-05-05,2025
키움,2025-05-06,2025
키움,2025-05-07,2025
키움,2025-05-09,2025
키움,2025-05-10,2025
키움,2025-05-11,2025
키움,2025-05-20,2025
키움,2025-05-21,2025
키움,2025-05-22,2025
키움,2025-05-23,2025
키움,2025-05-24,2025
키움,2025-05-25,2025
키움,2025-05-30,2025
키움,2025-05-31,2025
키움,2025-06-01,2025
키움,2025-06-06,2025
키움,2025-06-07,2025
키움,2025-06-08,2025
키움,2025-06-10,2025
키움,2025-06-11,2025
키움,2025-06-12,2025
키움,2025-06-17,2025
키움,2025-06-18,2025
키움,2025-06-19,2025
키움,2025-06-24,2025
키움,2025-06-25,2025
키움,2025-06-26,2025
키움,2025-06-27,2025
키움,2025-06-28,2025
키움,2025-06-29,2025
키움,2025-07-04,2025
키움,2025-07-05,2025
키움,2025-07-06,2025
키움,2025-07-22,2025
키움,2025-07-23,2025
키움,2025-07-24,2025
키움,2025-08-01,2025
키움,2025-08-02,2025
키움,2025-08-03,2025
키움,2025-08-08,2025
키움,2025-08-09,2025
키움,2025-08-10,2025
키움,2025-08-15,2025
키움,2025-08-16,2025
키움,2025-08-17,2025
키움,2025-08-26,2025
키움,2025-08-27,2025
키움,2025-08-28,2025
키움,2025-09-09,2025
키움,2025-09-11,2025
키움,2025-09-24,2025
키움,2025-09-28,2025
키움,2025-09-30,2025
키움,2026-04-03,2026
키움,2026-04-04,2026
키움,2026-04-05,2026
한화,2024-04-12,2024
한화,2024-04-13,2024
한화,2024-04-14,2024
한화,2024-04-19,2024
한화,2024-04-20,2024
한화,2024-04-21,2024
한화,2024-04-26,2024
한화,2024-04-27,2024
한화,2024-04-28,2024
한화,2024-04-30,2024
한화,2024-05-01,2024
한화,2024-05-02,2024
한화,2024-05-10,2024
한화,2024-05-11,2024
한화,2024-05-12,2024
한화,2024-05-14,2024
한화,2024-05-15,2024
한화,2024-05-16,2024
한화,2024-05-21,2024
한화,2024-05-22,2024
한화,2024-05-23,2024
한화,2024-05-28,2024
한화,2024-05-29,2024
한화,2024-05-30,2024
한화,2024-06-07,2024
한화,2024-06-08,2024
한화,2024-06-09,2024
한화,2024-06-14,2024
한화,2024-06-15,2024
한화,2024-06-16,2024
한화,2024-06-18,2024
한화,2024-06-19,2024
한화,2024-06-20,2024
한화,2024-06-25,2024
한화,2024-06-26,2024
한화,2024-06-27,2024
한화,2024-07-02,2024
한화,2024-07-03,2024
한화,2024-07-04,2024
한화,2024-07-12,2024
한화,2024-07-13,2024
한화,2024-07-14,2024
한화,2024-07-19,2024
한화,2024-07-20,2024
한화,2024-07-21,2024
한화,2024-07-23,2024
한화,2024-07-24,2024
한화,2024-08-02,2024
한화,2024-08-03,2024
한화,2024-08-09,2024
한화,2024-08-10,2024
한화,2024-08-11,2024
한화,2024-08-13,2024
한화,2024-08-14,2024
한화,2024-08-15,2024
한화,2024-08-20,2024
한화,2024-08-21,2024
한화,2024-08-31,2024
한화,2024-09-03,2024
한화,2024-09-11,2024
한화,2024-09-12,2024
한화,2024-09-22,2024
한화,2024-09-23,2024
한화,2024-09-27,2024
한화,2024-09-28,2024
한화,2024-09-29,2024
한화,2025-03-28,2025
한화,2025-03-29,2025
한화,2025-03-30,2025
한화,2025-04-02,2025
한화,2025-04-03,2025
한화,2025-04-11,2025
한화,2025-04-12,2025
한화,2025-04-13,2025
한화,2025-04-18,2025
한화,2025-04-19,2025
한화,2025-04-20,2025
한화,2025-04-25,2025
한화,2025-04-26,2025
한화,2025-04-27,2025
한화,2025-04-29,2025
한화,2025-04-30,2025
한화,2025-05-05,2025
한화,2025-05-06,2025
한화,2025-05-07,2025
한화,2025-05-13,2025
한화,2025-05-14,2025
한화,2025-05-15,2025
한화,2025-05-17,2025
한화,2025-05-17,2025
한화,2025-05-18,2025
한화,2025-05-23,2025
한화,2025-05-24,2025
한화,2025-05-25,2025
한화,2025-06-03,2025
한화,2025-06-04,2025
한화,2025-06-05,2025
한화,2025-06-10,2025
한화,2025-06-11,2025
한화,2025-06-12,2025
한화,2025-06-14,2025
한화,2025-06-15,2025
한화,2025-06-22,2025
한화,2025-07-01,2025
한화,2025-07-02,2025
한화,2025-07-03,2025
한화,2025-07-08,2025
한화,2025-07-09,2025
한화,2025-07-10,2025
한화,2025-07-25,2025
한화,2025-07-26,2025
한화,2025-07-27,2025
한화,2025-07-29,2025
한화,2025-07-30,2025
한화,2025-07-31,2025
한화,2025-08-05,2025
한화,2025-08-06,2025
한화,2025-08-07,2025
한화,2025-08-12,2025
한화,2025-08-13,2025
한화,2025-08-14,2025
한화,2025-08-19,2025
한화,2025-08-20,2025
한화,2025-08-21,2025
한화,2025-08-22,2025
한화,2025-08-23,2025
한화,2025-08-24,2025
한화,2025-08-29,2025
한화,2025-08-30,2025
한화,2025-08-31,2025
한화,2025-09-02,2025
한화,2025-09-03,2025
한화,2025-09-13,2025
한화,2025-09-14,2025
한화,2025-09-15,2025
한화,2025-09-26,2025
한화,2025-09-27,2025
한화,2025-09-29,2025
한화,2025-09-30,2025
한화,2026-03-28,2026
한화,2026-03-29,2026
한화,2026-03-31,2026
한화,2026-04-01,2026
한화,2026-04-02,2026
